Latin	Family	Authority	1982	1985	1990	1995	2000	2005	2010	2015
Vachellia melanoceras	Fabaceae	(Beurl.) Seigler & Ebinger	5	6	11	12	10	21	47	41
Acalypha diversifolia	Euphorbiaceae	Jacq.	1562	1200	817	523	488	741	1019	1439
Acalypha macrostachya	Euphorbiaceae	Jacq.	79	66	44	42	43	52	52	62
Adelia triloba	Euphorbiaceae	(Müll.Arg.) Hemsl.	346	315	280	219	163	143	143	120
Aegiphila panamensis	Lamiaceae	Moldenke	136	126	92	77	62	44	40	26
Alchornea costaricensis	Euphorbiaceae	Pax & K.Hoffm.	385	314	266	228	229	229	319	266
Alchornea latifolia	Euphorbiaceae	Sw.	2	2	3	2	1	1	1	0
Alibertia edulis	Rubiaceae	(Rich.) A.Rich. ex DC.	304	342	378	379	357	372	417	455
Allophylus psilospermus	Sapindaceae	Radlk.	175	171	153	123	112	103	112	97
Alseis blackiana	Rubiaceae	Hemsl.	7598	8050	8412	8175	7869	7752	7928	8064
Amaioua corymbosa	Rubiaceae	Kunth	29	29	29	27	25	22	19	19
Anacardium excelsum	Anacardiaceae	(Bertero & Balb. ex Kunth) Skeels	28	26	24	25	24	25	26	24
Anaxagorea panamensis	Annonaceae	Standl.	471	474	588	698	748	794	883	892
Andira inermis	Fabaceae	(W. Wright) Kunth ex DC.	317	306	305	300	283	276	256	247
Annona acuminata	Annonaceae	Saff.	506	523	567	543	499	486	500	492
Annona hayesii	Annonaceae	Saff.	1	1	1	1	0	0	0	0
Annona spraguei	Annonaceae	Saff.	57	71	142	176	133	122	148	84
Apeiba hybrid	Malvaceae		1	1	0	0	0	0	0	0
Apeiba membranacea	Malvaceae	Spruce ex Benth.	388	341	329	292	270	289	307	261
Apeiba tibourbou	Malvaceae	Aubl.	45	39	32	29	30	38	50	44
Aphelandra sinclairiana	Acanthaceae	Nees	13	10	7	7	6	8	8	10
Appunia seibertii	Rubiaceae	Standl.	1	1	3	3	3	2	2	4
Ardisia bartlettii	Myrsinaceae	Lundell	3	3	1	3	6	5	7	6
Ardisia standleyana	Myrsinaceae	P.H.Allen	74	77	82	86	98	103	113	133
Ardisia guianensis	Myrsinaceae	(Aubl.) Mez	22	16	18	20	19	18	16	19
Aspidosperma desmanthum	Apocynaceae	NA	451	471	486	476	481	471	473	491
Astrocaryum standleyanum	Arecaceae	L.H.Bailey	248	232	221	205	188	165	152	133
Astronium graveolens	Anacardiaceae	Jacq.	70	64	71	80	79	99	117	132
Bactris barronis	Arecaceae	L.H.Bailey	111	55	20	9	5	5	5	4
Bactris coloniata	Arecaceae	L.H.Bailey	241	84	23	8	3	2	11	54
Bactris coloradonis	Arecaceae	L.H.Bailey	38	17	6	2	0	0	0	0
Bactris major	Arecaceae	Jacq.	469	355	217	176	103	80	111	94
Banara guianensis	Salicaceae	Aubl.	0	0	4	5	1	0	0	0
Beilschmiedia tovarensis	Lauraceae	(Klotzsch & H.Karst. ex Meisn.) Sachiko Nishida	2375	2667	2748	2589	2319	2112	1995	1891
Bertiera guianensis	Rubiaceae	Aubl.	2	2	1	1	0	0	0	0
Alibertia dwyeri	Rubiaceae	Delprete & C.H.Perss.	1	1	1	1	1	1	1	0
Brosimum alicastrum	Moraceae	Sw.	860	892	920	907	896	891	870	857
Brosimum guianense	Moraceae	(Aubl.) Huber	6	6	6	6	5	5	4	4
Calophyllum longifolium	Clusiaceae	Willd.	647	720	891	1000	1131	1427	1821	2174
Capparidastrum frondosum	Capparaceae	(Jacq.) Cornejo & Iltis	3536	3674	3546	3301	2991	2751	2402	2222
Vasconcellea cauliflora	Caricaceae	(Jacq.) A.DC.	0	0	0	0	0	0	2	0
Casearia aculeata	Salicaceae	Jacq.	470	479	483	450	422	434	454	466
Casearia arborea	Salicaceae	(Rich.) Urb.	271	226	189	158	141	126	131	104
Casearia commersoniana	Salicaceae	Cambess.	21	23	21	21	21	24	23	21
Casearia guianensis	Salicaceae	(Aubl.) Urb.	15	17	19	19	16	14	13	12
Casearia sylvestris	Salicaceae	Sw.	246	232	211	180	151	131	127	127
Cassipourea elliptica	Rhizophoraceae	(Sw.) Poir.	766	850	945	992	1011	1073	1108	1097
Cavanillesia platanifolia	Malvaceae	(Bonpl.) Kunth	25	23	25	23	23	26	37	38
Cecropia insignis	Urticaceae	Liebm.	513	441	398	377	714	1143	889	1371
Cecropia longipes	Urticaceae	Pittier	0	0	0	1	12	14	13	9
Cecropia obtusifolia	Urticaceae	Bertol.	61	38	48	50	102	236	263	297
Cedrela odorata	Meliaceae	L.	5	2	9	6	8	10	12	8
Ceiba pentandra	Malvaceae	(L.) Gaertn.	72	67	61	48	53	64	61	64
Celtis schippii	Cannabaceae	Standl.	183	167	149	135	123	115	108	106
Cespedesia spathulata	Ochnaceae	(Ruiz & Pav.) Planch.	7	5	5	4	2	2	2	2
Cestrum schlechtendahlii	Solanaceae	G.Don	309	237	157	82	50	54	44	80
Cestrum racemosum	Solanaceae	Ruiz & Pav.	0	0	0	0	0	0	0	4
Chamaedorea tepejilote	Arecaceae	Liebm.	32	22	16	12	10	7	4	3
Chamguava schippii	Myrtaceae	(Standl.) Landrum	194	239	289	325	382	450	542	576
Chimarrhis parviflora	Rubiaceae	Standl.	3	4	3	3	3	3	3	3
Chrysochlamys eclipes	Clusiaceae	L.O.Williams	458	436	421	404	399	391	405	412
Chrysophyllum argenteum	Sapotaceae	Jacq.	429	482	688	711	675	672	713	740
Chrysophyllum cainito	Sapotaceae	L.	68	79	109	128	134	147	171	177
Clidemia dentata	Melastomataceae	Pav. ex D. Don	8	14	17	5	13	17	33	44
Clidemia octona	Melastomataceae	(Bonpl.) L.O. Williams	3	6	9	6	12	12	10	7
Clidemia septuplinervia	Melastomataceae	Cogn.	1	2	0	0	1	3	0	1
Cyathea petiolata	Cyatheaceae	(Hook.) R.M. Tryon	8	3	1	0	0	0	0	0
Coccoloba coronata	Polygonaceae	Jacq.	181	191	185	144	115	112	138	131
Coccoloba manzinellensis	Polygonaceae	Beurl.	445	446	469	456	402	371	351	326
Colubrina glandulosa	Rhamnaceae	Perkins	2	1	1	2	4	1	4	3
Conostegia bracteata	Melastomataceae	Triana	4	4	3	2	10	5	7	5
Conostegia cinnamomea	Melastomataceae	(Beurl.) Wurdack	389	279	207	153	124	98	102	83
Cordia alliodora	Cordiaceae	(Ruiz & Pav.) Oken	111	108	118	107	94	147	189	221
Cordia bicolor	Cordiaceae	A.DC.	716	758	1043	966	764	657	681	729
Cordia lasiocalyx	Cordiaceae	Pittier	1703	1670	1695	1543	1286	1174	1144	1077
Coussarea curvigemmia	Rubiaceae	Dwyer	1508	1668	1971	2042	2078	2061	2014	1962
Coutarea hexandra	Rubiaceae	(Jacq.) K.Schum.	2	2	2	2	2	3	3	3
Croton billbergianus	Euphorbiaceae	Müll.Arg.	621	621	1013	561	358	467	631	630
Cupania cinerea	Sapindaceae	Poepp.	6	8	13	10	7	11	12	19
Cupania latifolia	Sapindaceae	Kunth	56	49	52	45	43	46	57	70
Cupania rufescens	Sapindaceae	Triana & Planch.	56	73	97	110	95	92	103	124
Cupania seemannii	Sapindaceae	Triana & Planch.	959	1038	1141	1172	1207	1209	1271	1338
Solanum circinatum	Solanaceae	Bohs	5	4	3	1	0	5	5	28
Dendropanax arboreus	Araliaceae	(L.) Decne. & Planch.	175	160	135	114	103	88	79	69
Desmopsis panamensis	Annonaceae	(B.L.Rob.) Saff.	11711	12118	12140	11754	11282	11322	11033	10880
Diospyros artanthifolia	Ebenaceae	Mart. ex Miq.	49	55	71	80	88	95	108	125
Dipteryx oleifera	Fabaceae	Benth.	57	53	54	51	46	52	53	61
Drypetes standleyi	Putranjivaceae	G.L.Webster	2175	2264	2279	2239	2192	2181	2113	2141
Elaeis oleifera	Arecaceae	(Kunth) Cortés	21	20	21	21	22	21	20	24
Enterolobium schomburgkii	Fabaceae	(Benth.) Benth.	13	12	13	13	13	14	13	14
Erythrina costaricensis	Fabaceae	Micheli	289	235	184	140	113	89	68	60
Erythroxylum macrophyllum	Erythroxylaceae	Cav.	323	304	298	273	244	241	284	317
Erythroxylum panamense	Erythroxylaceae	Turcz.	105	106	111	112	102	110	113	118
Eugenia coloradoensis	Myrtaceae	Standl.	809	846	838	779	658	614	611	586
Eugenia galalonensis	Myrtaceae	(C.Wright ex Griseb.) Krug & Urb.	964	1163	1385	1505	1588	1751	1974	2269
Eugenia nesiotica	Myrtaceae	Standl.	524	545	551	535	515	486	504	518
Eugenia oerstediana	Myrtaceae	O.Berg	2085	2204	2343	2215	1925	1819	1837	2023
Faramea occidentalis	Rubiaceae	(L.) A.Rich.	23444	25137	26895	27135	26750	26032	24986	23777
Ficus matiziana	Moraceae	Dugand	1	1	1	1	1	5	0	0
Ficus colubrinae	Moraceae	Standl.	1	1	1	1	1	0	0	0
Ficus costaricana	Moraceae	(Liebm.) Miq.	15	10	6	7	10	7	8	6
Ficus citrifolia	Moraceae	Mill.	0	0	2	3	1	1	2	1
Ficus insipida	Moraceae	Willd.	9	8	7	9	16	17	17	12
Ficus maxima	Moraceae	Mill.	10	10	8	6	6	7	6	5
Ficus obtusifolia	Moraceae	Kunth	12	10	8	9	7	7	7	11
Ficus pertusa	Moraceae	L.f.	0	0	1	1	1	0	2	2
Ficus popenoei	Moraceae	Standl.	9	8	7	4	4	3	2	10
Ficus tonduzii	Moraceae	Standl.	66	61	45	33	27	24	23	14
Ficus trigonata	Moraceae	L.	8	5	5	6	6	5	5	9
Ficus yoponensis	Moraceae	Desv.	6	6	7	7	7	8	6	5
Garcinia recondita	Clusiaceae	Hammel	3649	4013	4289	4294	4403	4598	4818	5120
Garcinia madruno	Clusiaceae	(Kunth) Hammel	655	688	528	375	374	395	402	406
Genipa americana	Rubiaceae	L.	90	86	83	73	70	66	67	65
Geonoma interrupta	Arecaceae	(Ruiz & Pav.) Mart.	19	14	3	0	0	0	0	0
Guapira standleyana	Nyctaginaceae	Woodson	231	209	192	185	164	163	155	157
Guarea grandifolia	Meliaceae	(L.) Sleumer	53	54	60	64	65	59	67	81
Guarea guidonia	Meliaceae	(L.) Sleumer	1780	1827	1963	1922	1833	1770	1886	1966
Guarea bullata	Meliaceae	Radlk.	1556	1490	1375	1225	1035	823	724	615
Guatteria lucens	Annonaceae	Standl.	1584	1525	1469	1255	1039	895	876	891
Guazuma ulmifolia	Malvaceae	Lam.	55	50	52	49	61	64	74	80
Guettarda foliacea	Rubiaceae	Standl.	384	384	372	340	301	268	251	233
Gustavia superba	Lecythidaceae	(Kunth) O.Berg	879	818	825	789	751	733	691	668
Hamelia axillaris	Rubiaceae	Sw.	114	92	108	117	88	98	128	103
Hamelia patens	Rubiaceae	Jacq.	0	2	2	1	1	1	0	0
Hampea appendiculata	Malvaceae	(Donn.Sm.) Standl.	76	49	39	22	27	142	189	117
Hasseltia floribunda	Salicaceae	Kunth	1139	1012	859	686	542	484	418	387
Heisteria acuminata	Erythropalaceae	(Humb. & Bonpl.) Engl.	109	112	112	108	105	99	93	95
Heisteria concinna	Erythropalaceae	Standl.	884	959	984	973	954	927	896	871
Herrania purpurea	Malvaceae	(Pittier) R.E. Schult.	520	529	546	528	510	520	541	536
Hirtella americana	Chrysobalanaceae	L.	51	48	48	40	30	25	21	18
Hirtella triandra	Chrysobalanaceae	Sw.	4143	4660	5026	5044	4758	4563	4407	4165
Hura crepitans	Euphorbiaceae	L.	127	119	118	112	105	103	95	94
Pombalia prunifolia	Violaceae	(Humb. & Bonpl. ex Willd.) Paula-Souza	39830	41091	40439	36058	31925	29840	27845	26869
Hieronyma alchorneoides	Euphorbiaceae	Allemão	101	100	99	88	78	85	118	110
Inga cocleensis*	Fabaceae	Pittier	131	111	99	65	50	48	55	58
Inga laurina	Fabaceae	(Sw.) Willd.	71	74	89	92	76	61	57	51
Inga goldmanii	Fabaceae	Pittier	495	463	458	396	344	312	297	308
Inga mucuna	Fabaceae	Walp. & Duchass.	1	1	1	1	3	1	0	0
Inga marginata	Fabaceae	Willd.	898	789	717	539	397	402	769	1104
Inga oerstediana	Fabaceae	Benth.	11	11	10	6	3	2	4	6
Inga pezizifera	Fabaceae	Benth.	203	197	181	144	122	128	145	159
Inga punctata	Fabaceae	Willd.	18	21	24	20	19	29	55	47
Inga nobilis	Fabaceae	Willd.	782	787	778	725	666	618	558	540
Inga ruiziana	Fabaceae	G.Don	38	31	22	16	12	8	8	7
Inga acuminata	Fabaceae	Benth.	211	256	307	343	372	430	608	895
Inga sapindoides	Fabaceae	Willd.	395	359	332	293	249	205	197	210
Inga spectabilis	Fabaceae	(Vahl) Willd.	22	23	23	19	17	19	19	20
Inga thibaudiana	Fabaceae	DC.	61	78	95	116	129	179	231	287
Inga umbellifera	Fabaceae	(Vahl) Steud.	951	1003	1045	953	827	792	764	770
Inga unidentified*	Fabaceae		25	29	34	37	26	0	0	0
Jacaranda copaia	Bignoniaceae	(Aubl.) D.Don	343	320	299	278	264	280	327	307
Jacaratia spinosa	Caricaceae	(Aubl.) A.DC.	0	0	0	0	0	0	0	5
Koanophyllon wetmorei	Asteraceae	(B.L.Rob.) R.M.King & H.Rob.	15	12	12	9	3	0	0	0
Lacistema aggregatum	Lacistemataceae	(P.J.Bergius) Rusby	1560	1669	1699	1632	1405	1275	1261	1352
Lacmellea panamensis	Apocynaceae	(Woodson) Markgr.	92	92	99	103	98	100	102	104
Laetia procera	Salicaceae	(Poepp.) Eichler	24	23	30	27	26	25	28	33
Laetia thamnia	Salicaceae	L.	512	517	540	529	451	411	409	433
Lafoensia punicifolia	Lythraceae	DC.	10	9	8	8	7	6	6	4
Leandra dichotoma	Melastomataceae	(Pav. ex D. Don) Cogn.	0	1	1	0	1	1	1	3
Licania hypoleuca	Chrysobalanaceae	Benth.	120	121	134	138	127	128	141	160
Licania platypus	Chrysobalanaceae	(Hemsl.) Fritsch	252	293	314	306	281	266	250	240
Lindackeria laurina	Achariaceae	C. Presl	110	97	90	84	71	59	53	38
Lonchocarpus heptaphyllus	Fabaceae	(Poir.) DC.	845	850	894	838	737	660	667	631
Pavonia dasypetala	Malvaceae	Turcz.	1	1	0	0	0	0	0	0
Lozania pittieri	Lacistemataceae	(S.F.Blake) L.B.Sm.	18	15	7	4	3	1	1	1
Luehea seemannii	Malvaceae	Triana & Planch.	188	190	225	208	216	191	216	197
Lycianthes maxonii	Solanaceae	Standl.	1	1	0	0	0	0	0	0
Maclura tinctoria	Moraceae	(L.) D.Don ex Steud.	2	2	1	1	1	1	1	1
Macrocnemum roseum	Rubiaceae	(Ruiz & Pav.) Wedd.	100	105	110	104	91	93	86	89
Mosannona garwoodii	Annonaceae	Chatrou & Welzenis	276	320	372	405	437	474	503	540
Malpighia romeroana	Malpighiaceae	Cuatrec.	51	61	57	50	42	37	37	41
Maquira guianensis	Moraceae	Aubl.	1417	1443	1502	1489	1459	1394	1314	1227
Marila laxiflora	Clusiaceae	Rusby	23	27	23	23	23	24	22	25
Margaritaria nobilis	Phyllanthaceae	L.f.	3	4	6	4	3	2	2	2
Maytenus schippii	Celastraceae	Lundell	88	88	94	94	85	80	77	78
Miconia affinis	Melastomataceae	DC.	369	392	436	395	376	388	436	443
Miconia argentea	Melastomataceae	(Sw.) DC.	530	677	900	799	600	519	676	635
Miconia dorsiloba	Melastomataceae	Gleason	0	0	0	0	1	2	2	3
Miconia elata	Melastomataceae	(Sw.) DC.	34	31	30	21	17	12	11	9
Miconia hondurensis	Melastomataceae	Donn. Sm.	30	29	37	48	55	58	70	75
Miconia impetiolaris	Melastomataceae	(Sw.) D. Don ex DC.	10	9	14	13	14	14	11	11
Miconia nervosa	Melastomataceae	(Sm.) Triana	358	293	319	251	293	260	386	409
Miconia prasina	Melastomataceae	(Sw.) DC.	0	0	2	2	2	2	4	4
Mouriri myrtilloides	Melastomataceae	(Sw.) Poir.	6924	7678	7583	7120	6500	6534	6804	7053
Myrcia splendens tip. gatunensis	Myrtaceae	(Sw.) DC.	41	50	57	50	48	46	56	65
Myrospermum frutescens	Fabaceae	Jacq.	26	22	21	17	14	9	17	11
Nectandra cissiflora	Lauraceae	Nees	351	341	316	255	197	179	181	172
Nectandra lineata	Lauraceae	(Kunth) Rohwer	114	111	115	106	102	115	216	218
Damburneya umbrosa	Lauraceae	(Kunth) Trofimov	85	80	85	88	77	71	79	88
Nectandra fuzzy	Lauraceae		9	9	6	3	3	2	1	1
Nectandra sp.4_(tiny_leaf)	Lauraceae		1	1	0	0	0	0	0	0
Neea amplifolia	Nyctaginaceae	Donn.Sm.	62	71	68	63	64	69	63	54
Ochroma pyramidale	Malvaceae	(Cav. ex Lam.) Urb.	4	8	6	6	9	10	11	7
Ocotea cernua	Lauraceae	(Nees) Mez	355	347	342	302	225	238	289	341
Ocotea oblonga	Lauraceae	(Meisn.) Mez	217	187	192	169	147	162	240	288
Ocotea puberula	Lauraceae	(Rich.) Nees	270	244	223	173	133	131	161	166
Ocotea whitei	Lauraceae	Woodson	1118	926	754	565	428	374	389	391
Oenocarpus mapora	Arecaceae	H.Karst.	1780	1701	1788	1847	1830	1787	1802	1788
Trophis caucana	Moraceae	(Pittier) C.C. Berg	441	374	278	213	175	149	136	124
Oreopanax capitatus	Araliaceae	(Jacq.) Decne. & Planch.	0	0	0	0	0	0	1	0
Ormosia amazonica	Fabaceae	Ducke	1	2	2	2	1	1	1	1
Ormosia coccinea	Fabaceae	(Aubl.) Jacks.	53	56	70	80	88	106	108	113
Ormosia macrocalyx	Fabaceae	Ducke	73	81	108	115	110	111	106	109
Ouratea lucens	Ochnaceae	(Kunth) Engl.	1123	1239	1266	1205	1192	1227	1207	1200
Palicourea guianensis	Rubiaceae	Aubl.	376	661	1474	1053	865	851	1119	1321
Pentagonia macrophylla	Rubiaceae	Benth.	568	512	452	373	307	299	306	313
Perebea xanthochyma	Moraceae	H.Karst.	269	269	274	260	243	235	228	221
Cinnamomum triplinerve	Lauraceae	(Ruiz & Pav.) Kosterm.	89	84	87	75	61	59	75	71
Picramnia latifolia	Picramniaceae	Tul.	1170	1177	1178	1116	1048	1059	1078	1133
Piper arboreum	Piperaceae	Aubl.	107	83	60	38	22	19	24	24
Piper aequale	Piperaceae	Vahl	220	159	84	52	26	27	26	32
Piper schiedeanum	Piperaceae	Steud.	12	10	4	1	4	5	3	2
Piper cordulatum	Piperaceae	C. DC.	3143	3706	1772	394	92	49	58	68
Piper colonense	Piperaceae	C.DC.	120	65	53	29	21	16	9	8
Piper imperiale	Piperaceae	(Miq.) C.DC.	9	3	3	1	1	0	0	4
Piper longispicum	Piperaceae	C.DC.	0	0	0	0	0	0	0	1
Piper perlasense	Piperaceae	Yunck.	110	118	68	39	25	17	11	12
Piper reticulatum	Piperaceae	L.	181	170	150	132	123	131	136	135
Abarema macradenia	Fabaceae	(Pittier) Barneby & J.W. Grimes	10	10	11	12	12	16	32	43
Cojoba rufescens	Fabaceae	(Benth.) Britton & Rose	2	2	2	2	2	2	2	2
Platymiscium pinnatum	Fabaceae	(Jacq.) Dugand	184	169	160	171	147	148	163	178
Platypodium elegans	Fabaceae	Vogel	174	161	163	140	122	122	109	101
Pochota quinata	Bombacaceae		2	1	1	1	1	1	1	1
Pachira sessilis	Malvaceae	Benth.	25	24	23	21	17	15	19	18
Posoqueria latifolia	Rubiaceae	(Rudge) Schult.	76	80	77	79	72	71	73	75
Poulsenia armata	Moraceae	(Miq.) Standl.	3422	2679	2120	1774	1403	1162	993	855
Pourouma bicolor	Urticaceae	Mart.	40	43	43	48	59	104	130	161
Pouteria fossicola	Sapotaceae	Cronquist	3	3	3	3	3	3	3	4
Pouteria reticulata	Sapotaceae	(Engl.) Eyma	1652	1720	1767	1628	1403	1207	1087	1013
Pouteria stipitata	Sapotaceae	Cronquist	65	65	66	71	72	65	60	56
Prioria copaifera	Fabaceae	Griseb.	1353	1405	1439	1417	1380	1348	1327	1273
Protium costaricense	Burseraceae	(Rose) Engl.	919	865	876	820	760	699	698	738
Protium panamense	Burseraceae	(Rose) I.M.Johnst.	2743	2872	3060	3013	2906	2857	3022	3114
Protium confusum	Burseraceae	(Rose) Pittier	1	2	4	3	4	8	11	15
Protium tenuifolium subsp. sessiliflorum	Burseraceae	(Rose) D.M. Porter	2601	2840	3015	2934	2845	2827	2897	3063
Pseudobombax septenatum	Malvaceae	(Jacq.) Dugand	23	16	19	17	16	35	42	32
Psidium friedrichsthalianum	Myrtaceae	(O.Berg) Nied.	40	43	47	53	52	56	57	56
Palicourea acuminata	Rubiaceae	(Benth.) Borhidi	8	11	16	13	12	8	14	20
Palicourea brachiata	Rubiaceae	(Sw.) Borhidi	0	0	1	1	0	1	3	0
Psychotria chagrensis	Rubiaceae	Standl.	13	17	15	9	6	13	16	22
Palicourea deflexa	Rubiaceae	(DC.) Borhidi	88	77	60	30	15	13	38	69
Palicourea hoffmannseggiana	Rubiaceae	(Willd. ex Roem. & Schult.) Borhidi	5	1	2	0	0	0	1	5
Psychotria graciliflora	Rubiaceae	Benth.	10	14	44	57	52	53	65	66
Psychotria tenuifolia	Rubiaceae	Sw.	7	5	4	1	0	2	0	0
Psychotria grandis	Rubiaceae	Sw.	104	97	81	65	46	38	57	45
Psychotria horizontalis	Rubiaceae	Sw.	6160	6434	5902	4856	3936	3120	2455	1742
Psychotria limonensis	Rubiaceae	K.Krause	15	17	19	22	23	65	70	58
Psychotria marginata	Rubiaceae	Sw.	577	686	690	629	553	579	758	922
Palicourea cyanococca	Rubiaceae	(Seem. ex Dombrain) Borhidi	4	3	3	3	3	5	4	4
Psychotria psychotriifolia	Rubiaceae	(Seem.) Standl.	0	0	0	1	1	1	0	0
Palicourea racemosa	Rubiaceae	(Aubl.) Borhidi	1	2	2	0	0	2	7	10
Pterocarpus officinalis	Fabaceae	Jacq.	9	8	3	3	1	1	1	1
Pterocarpus hayesii	Fabaceae	Hemsl.	1574	1626	1702	1606	1463	1379	1224	1055
Quararibea asterolepis	Malvaceae	Pittier	2395	2382	2349	2292	2202	2138	2170	2244
Quassia amara	Simaroubaceae	L.	159	155	151	145	133	120	116	112
Randia armata	Rubiaceae	(Sw.) DC.	1128	1155	1143	1108	1003	958	937	922
Rosenbergiodendron formosum	Rubiaceae	(Jacq.) Fagerl.	4	4	4	4	4	3	1	1
Rauvolfia littoralis	Apocynaceae	Rusby	0	0	0	1	1	1	1	1
Rinorea sylvatica	Violaceae	(Seem.) Kuntze	2577	2619	2598	2423	2314	2276	2265	2234
Sapium glandulosum	Euphorbiaceae	(L.) Morong	48	42	41	34	40	52	40	33
Sapium broadleaf	Euphorbiaceae		3	3	3	3	4	3	3	3
Attalea rostrata	Arecaceae	Oerst.	44	40	36	33	30	34	32	32
Schefflera morototoni	Araliaceae	(Aubl.) Maguire, Steyerm. & Frodin	1	1	0	0	0	0	0	0
Schizolobium parahyba	Fabaceae	(Vell.) S.F. Blake	4	4	6	6	6	8	9	9
Senna dariensis	Fabaceae	(Britton & Rose) H.S. Irwin & Barneby	202	135	113	72	65	134	161	245
Simarouba amara	Simaroubaceae	Aubl.	1237	1248	1289	1238	1230	1478	1575	1824
Siparuna cristata	Siparunaceae	(Poepp. & Endl.) A. DC.	38	34	32	31	30	27	26	25
Siparuna pauciflora	Siparunaceae	(Beurl.) A. DC.	431	354	316	257	316	367	360	542
Sloanea terniflora	Elaeocarpaceae	(Moc. & Sessé ex DC.) Standl.	607	595	580	542	493	461	442	410
Socratea exorrhiza	Arecaceae	(Mart.) H.Wendl.	812	737	684	673	622	540	500	453
Solanum arboreum	Solanaceae	Dunal	1	1	0	0	0	0	0	0
Solanum asperum	Solanaceae	Rich.	0	0	4	5	8	7	8	12
Solanum hayesii	Solanaceae	Fernald	125	89	77	42	49	69	68	162
Solanum lepidotum	Solanaceae	Dunal	7	6	2	2	1	4	3	3
Sorocea affinis	Moraceae	Hemsl.	3301	3368	3302	3113	2834	2539	2296	2122
Spachea membranacea	Malpighiaceae	Cuatrec.	20	18	16	15	13	13	10	10
Spondias mombin	Anacardiaceae	L.	56	60	94	100	84	99	121	163
Spondias radlkoferi	Anacardiaceae	Donn.Sm.	199	173	211	215	259	264	270	234
Tabernaemontana grandiflora	Apocynaceae	Jacq.	1	1	0	0	0	1	0	1
Sterculia apetala	Malvaceae	(Jacq.) H.Karst.	65	51	62	58	54	50	52	50
Stylogyne turbacensis	Myrsinaceae	(Kunth) Mez	717	739	756	716	680	691	707	740
Swartzia simplex var. grandiflora	Fabaceae	(Raddi) R.S. Cowan	2256	2426	2573	2602	2666	2779	2869	2931
Swartzia simplex var. continentalis	Fabaceae	Urb.	2711	2828	2868	2880	2890	2932	2917	2955
Symphonia globulifera	Clusiaceae	L.f.	189	179	176	168	160	152	155	150
Handroanthus guayacan	Bignoniaceae	(Seem.) S.O.Grose	76	76	76	77	70	71	63	66
Tabebuia rosea	Bignoniaceae	(Bertol.) DC.	312	295	313	267	244	230	234	250
Tabernaemontana arborea	Apocynaceae	Rose ex J.D.Sm.	1297	1339	1430	1509	1510	1595	1732	1794
Tachigali panamensis	Fabaceae	van der Werff & N.Zamora	2923	2978	3094	2947	2485	2232	2084	1906
Talisia nervosa	Sapindaceae	Radlk.	811	815	798	778	746	721	706	703
Talisia croatii	Sapindaceae	Acev.-Rodr.	622	639	674	645	634	668	717	739
Terminalia amazonia	Combretaceae	(J.F.Gmel.) Exell	61	59	58	52	46	46	47	57
Terminalia oblonga	Combretaceae	(Ruiz & Pav.) Steud.	93	91	99	93	90	85	91	87
Ternstroemia tepezapote	Pentaphylacaceae	Schltdl. & Cham.	1	1	1	1	1	0	0	0
Tetragastris panamensis	Burseraceae	(Engl.) Kuntze	3281	3727	4114	4137	4229	4491	4620	5199
Tetrathylacium johansenii	Salicaceae	Standl.	10	7	7	7	7	6	5	1
Theobroma cacao	Malvaceae	L.	22	20	21	20	18	18	16	15
Thevetia ahouai	Apocynaceae	(L.) A.DC.	105	95	96	84	74	91	84	82
Tocoyena pittieri	Rubiaceae	(Standl.) Standl.	8	10	9	8	8	8	8	7
Trattinnickia aspera	Burseraceae	(Standl.) Swart	113	97	83	68	66	66	79	71
Trema integerrima*	Cannabaceae	(Beurl.) Standl.	0	0	1	1	5	12	52	51
Trema micrantha*	Cannabaceae	(L.) Blume	0	0	0	1	4	11	19	6
Trema unidentified*	Cannabaceae	NA	32	23	20	21	23	20	0	0
Trichanthera gigantea	Acanthaceae	(Bonpl.) Nees	12	9	8	11	7	5	4	2
Trichilia pallida	Meliaceae	Sw.	560	573	589	567	521	484	475	457
Trichilia tuberculata	Meliaceae	(Triana & Planch.) C. DC.	12925	13160	13284	12812	11972	11335	10839	10369
Trichospermum galeottii	Malvaceae	(Turcz.) Kosterm.	7	4	2	1	5	1	2	4
Triplaris cumingiana	Polygonaceae	Fisch. & C.A.Mey.	375	346	323	293	258	241	228	227
Trophis racemosa	Moraceae	(L.) Urb.	314	325	324	313	286	253	228	212
Turpinia occidentalis	Tapisciaceae	(Sw.) G.Don	153	113	85	79	72	70	90	56
Unidentified species*	Unknown		0	9	14	0	0	0	0	0
Unonopsis pittieri	Annonaceae	Saff.	774	787	790	719	658	621	648	690
Urera baccifera	Urticaceae	(L.) Gaudich. ex Wedd.	2	5	17	11	16	13	15	17
Verbesina gigantea	Asteraceae	Jacq.	0	0	0	0	1	1	2	1
Virola sebifera	Myristicaceae	Aubl.	2399	2272	2080	1860	1612	1393	1273	1103
Virola multiflora	Myristicaceae	(Standl.) A.C.Sm.	58	53	53	50	47	44	41	34
Virola nobilis	Myristicaceae	A.C. Sm.	306	264	245	225	200	182	177	159
Vismia baccifera	Clusiaceae	(L.) Triana & Planch.	75	77	80	71	54	41	56	50
Vismia billbergiana	Clusiaceae	Beurl.	3	4	3	2	2	4	5	7
Vismia macrophylla	Clusiaceae	Kunth	1	0	0	1	1	0	2	0
Vochysia ferruginea	Vochysiaceae	Mart.	34	28	28	25	21	27	33	38
Xylopia macrantha	Annonaceae	Triana & Planch.	817	918	1045	1132	1219	1414	1658	2089
Xylosma chlorantha	Salicaceae	Donn.Sm.	1	1	0	0	0	0	0	0
Xylosma oligandra	Salicaceae	Donn. Sm.	180	165	145	119	93	65	52	31
Zanthoxylum ekmanii	Rutaceae	(Urb.) Alain	218	249	233	204	234	193	257	235
Zanthoxylum panamense	Rutaceae	P.Wilson	301	243	233	187	145	181	241	188
Zanthoxylum acuminatum	Rutaceae	(Sw.) Sw.	205	211	169	137	113	90	89	71
Zanthoxylum setulosum	Rutaceae	P.Wilson	1	1	1	1	1	1	1	0
Zuelania guidonia	Salicaceae	(Sw.) Britton & Millsp.	40	41	40	43	36	34	29	25
